first_name,last_name,company_name,address,city,county,postal,phone,email,salary
Evan,Zigomalas,Rowley/hansell Petetin,5 Binney St,Abbey Ward,Buckinghamshire,HP11 2AX,01937-864715,evan.zigomalas@gmail.com,80858
Eric,Rampy,"Crowan, Kenneth W Esq",9472 Lind St,Desborough,Northamptonshire,NN14 2GH,01969-886290,erampy@rampy.co.uk,59057
Niesha,Bruch,Weiss Spirt & Guyer,24 Bolton St,"Broxburn, Uphall and Winchburg",West Lothian,EH52 5TL,01874-856950,niesha.bruch@yahoo.com,79549
Michell,Throssell,Weiss Spirt & Guyer,89 Noon St,Carbrooke,Norfolk,IP25 6JQ,01967-580851,mthrossell@throssell.co.uk,85409
Edgar,Kanne,Rowley/hansell Petetin,99 Guthrie St,New Milton,Hampshire,BH25 5DF,01326-532337,edgar.kanne@yahoo.com,82586
Augustine,Growcock,Weiss Spirt & Guyer,114 Falkland St #8845,Brimpton,Berkshire,RG7 4RF,01541-802635,augustine.growcock@growcock.co.uk,61170
Reed,Weisinger,"Thompson, Michael C Esq",5147 Blackstone St,Letchworth South West Ward,Hertfordshire,SG6 3LE,01243-678286,reed_weisinger@yahoo.com,72101
Milly,Savidge,Weiss Spirt & Guyer,129 Alexander Pope St,Franche Ward,Hereford and Worcester,DY11 9BW,01702-725589,milly@gmail.com,69025
Luis,Ear,Cap Gemini America,2 Birchfield Rd,Whittington,Shropshire,SY11 4PH,01462-648669,luis@hotmail.com,85983
Margurite,Loperfido,Cap Gemini America,218 Greenbank Drive,Devizes,Wiltshire,SN10 3DU,01407-866759,mloperfido@gmail.com,77518
Vernice,Sperazza,Cap Gemini America,8921 Forge St,Colnbrook with Poyle,Buckinghamshire,SL3 0PY,01822-563044,vernice@yahoo.com,52794
Jenise,Dulle,"Crowan, Kenneth W Esq",87 Pownall Sq,Sawston,Cambridgeshire,CB22 3BB,01709-854691,jenise.dulle@hotmail.com,82292
Melina,Orizabal,"Thompson, Michael C Esq",3 Nevison St,Lymington and Pennington,Hampshire,SO41 1DL,01420-307327,melina@gmail.com,46941
Tina,Clapham,"Thompson, Michael C Esq",5662 William Moult St,Aylesbury,Buckinghamshire,HP21 8PP,01567-296442,tclapham@gmail.com,59545
Lyndia,Moonshower,"Thompson, Michael C Esq",43 Williamson St #7995,Meads Ward,East Sussex,BN20 7HB,01469-300335,lyndia_moonshower@moonshower.co.uk,64710
Jules,Hiltner,Weiss Spirt & Guyer,5 Howe St,"Broxburn, Uphall and Winchburg",West Lothian,EH52 6NF,01428-343825,jules@yahoo.com,76350
Chantay,Kamens,Rowley/hansell Petetin,763 Parkfield Rd,Norton Canes,Staffordshire,WS11 9RH,01823-383806,ckamens@hotmail.com,68070
Janessa,Noonon,Cap Gemini America,476 Starkie St,Westgate Ward,Gloucestershire,GL1 1QW,01472-324699,jnoonon@yahoo.com,73941
Sol,Cowser,"Thompson, Michael C Esq",6448 Tillard St,Conisbrough and Denaby Ward,South Yorkshire,DN12 4JF,01412-528394,sol@gmail.com,55437
Louann,Smethers,Rowley/hansell Petetin,3055 Creswick St,Newbold and Brownsover Ward,Warwickshire,CV21 1LN,01670-234959,louann@gmail.com,62224
Lindsay,Yadao,"Crowan, Kenneth W Esq",7 Jolliffe St,Middlewich,Cheshire,CW10 9GB,01947-566661,lindsay_yadao@yadao.co.uk,80374
Stevie,Stifflemire,"Thompson, Michael C Esq",9 Gradwell St,Kempshott Ward,Hampshire,RG22 5HA,01262-808399,stevie_stifflemire@stifflemire.co.uk,50567
Elroy,Piehler,"Crowan, Kenneth W Esq",821 Pembroke Place,Kirkby Stephen,Cumbria,CA17 4RZ,01589-654152,epiehler@piehler.co.uk,63501
Bettina,Kham,"Crowan, Kenneth W Esq",80 Morecambe St,Bishop Auckland,County Durham,DL14 6NG,01355-192668,bettina.kham@kham.co.uk,66722
Marta,Brace,Cap Gemini America,658 Lake St,Malmesbury,Wiltshire,SN16 0XZ,01777-469402,marta.brace@brace.co.uk,71167
Eva,Joulwan,Weiss Spirt & Guyer,7 Lear Rd,Stroud,Hampshire,GU32 3PQ,01779-720349,eva.joulwan@gmail.com,53434
Mira,Alpheaus,Rowley/hansell Petetin,51 St Anne St #12,Stratfield Mortimer,Berkshire,RG7 3RA,01241-273991,mira.alpheaus@yahoo.com,89235
Mike,Torner,"Crowan, Kenneth W Esq",30 Aughton St,Hilton,Aberdeenshire,AB24 2RR,01240-600327,mike_torner@torner.co.uk,81922
Lisbeth,Creecy,"Crowan, Kenneth W Esq",484 Barry St,Shiney Row Ward,County Durham,DH4 7RG,01931-620849,lcreecy@gmail.com,57690
Eloisa,Faurote,"Crowan, Kenneth W Esq",7033 Micawber St,Bintree,Norfolk,NR20 5NQ,01337-695353,eloisa.faurote@hotmail.com,70598
Shawana,Cantua,Weiss Spirt & Guyer,33 Vipond St,Woodhall Farm Ward,Hertfordshire,HP2 7JP,01413-348876,shawana@yahoo.com,69522
Alyssa,Ansbro,Weiss Spirt & Guyer,85 Hero St,Stanhope,County Durham,DL13 2TZ,01632-887825,alyssa_ansbro@gmail.com,60598
Terry,Gauthier,Weiss Spirt & Guyer,274 Altcar Ave,Catterick,North Yorkshire,DL10 7NU,01555-550015,tgauthier@yahoo.com,49736
Wade,Sovel,"Thompson, Michael C Esq",2546 Hunter St,Central Buchan Ward,Aberdeenshire,AB53 6YD,01712-978062,wade@hotmail.com,55387
Deja,Conatser,"Thompson, Michael C Esq",94 Wakefield St,Lavenham,Suffolk,CO10 9PU,01378-234592,deja.conatser@hotmail.com,56295
Ressie,Bontemps,Rowley/hansell Petetin,42 Eastwood St,Walton Ward,Cambridgeshire,PE4 6HB,01996-854517,ressie_bontemps@bontemps.co.uk,51636
Sean,Schurman,"Thompson, Michael C Esq",2877 Grain St,Caversham Ward,Berkshire,RG4 5DE,01773-139510,sean.schurman@schurman.co.uk,77772
Wei,Nobel,Cap Gemini America,5221 Royston St,Eccleshall,Staffordshire,ST21 6GA,01912-146880,wei_nobel@hotmail.com,70169
Melissia,Slotemaker,Cap Gemini America,83 St Johns Lane #43,Linlithgow Ward,West Lothian,EH49 7LS,01515-360513,mslotemaker@gmail.com,79875
Desire,Barresi,"Thompson, Michael C Esq",428 Kearsley St,Hatton,Warwickshire,CV35 7UA,01819-701096,desire@gmail.com,64962
Vernell,Connley,Rowley/hansell Petetin,998 Roe St #6,Bellingham,Northumberland,NE48 2BX,01954-363885,vernell@hotmail.com,54393
Micheline,Mathieson,"Thompson, Michael C Esq",3 Copenhagen Rd,George St,Aberdeenshire,AB25 3UZ,01857-518738,micheline.mathieson@yahoo.com,49197
Julie,Sakshaug,"Crowan, Kenneth W Esq",5 Shakspeare St #66,St. Johns Ward,Hereford and Worcester,B61 8HD,01225-180983,julie@gmail.com,80186
Hubert,Mias,Rowley/hansell Petetin,3614 Old Hall St #604,Fawley,Hampshire,SO45 2PT,01408-965643,hubert.mias@gmail.com,89380
Janella,Altobell,Rowley/hansell Petetin,3768 Hey Green Rd,Hartshill,Warwickshire,CV10 0TH,01746-505364,jaltobell@hotmail.com,76748
Mauricio,Flam,Rowley/hansell Petetin,18 Nimrod St,Walney North Ward,Cumbria,LA14 3SJ,01640-813748,mflam@gmail.com,74175
Bobbie,Guillereault,Cap Gemini America,385 Upper Hampton St #39,Southey Ward,South Yorkshire,S5 8LL,01496-781616,bguillereault@gmail.com,53036
Joana,Reinecke,Cap Gemini America,2427 Olney St #7,Amersham,Buckinghamshire,HP6 6JH,01320-402522,jreinecke@reinecke.co.uk,80576
Dacia,Swaisgood,Rowley/hansell Petetin,36 Cranmer St #4697,Little Hereford,Shropshire,SY8 4LE,01984-926059,dacia.swaisgood@swaisgood.co.uk,83168
Lanie,Smalarz,Rowley/hansell Petetin,5149 Maria Rd,Peterlee,County Durham,SR8 5RL,01218-415062,lanie.smalarz@yahoo.com,63537
Ula,Otey,"Thompson, Michael C Esq",1 Newby St,Coleshill,Warwickshire,B46 3LZ,01291-565542,ula@hotmail.com,67160
Timmy,Lintner,Rowley/hansell Petetin,9112 Hardwick St,Bowes,County Durham,DL12 9JB,01651-232745,tlintner@hotmail.com,73946
Naomi,Lavezzo,Weiss Spirt & Guyer,9854 Ranelagh Place,Finedon,Northamptonshire,NN9 5EN,01469-888112,naomi.lavezzo@yahoo.com,88685
Mila,Figuera,"Crowan, Kenneth W Esq",72 Lime Place,Old Newton with Dagworth,Suffolk,IP14 4HG,01300-650262,mila_figuera@yahoo.com,85890
Kara,Jaquish,Weiss Spirt & Guyer,345 Feltwell Rd,St. Michaels and Wicksteed War,Northamptonshire,NN15 6BB,01691-316298,kara@yahoo.com,69455
Vashti,Sugai,Rowley/hansell Petetin,4 Candia St #6,Shipston on Stour,Warwickshire,CV36 4HE,01311-723137,vashti@gmail.com,66899
Coleen,Langer,Weiss Spirt & Guyer,745 Goodall St #9309,Much Wenlock,Shropshire,TF13 6HB,01956-525612,coleen.langer@hotmail.com,89758
Katie,Choinski,Rowley/hansell Petetin,1267 Alderson Rd,Churchdown,Gloucestershire,GL3 2BA,01606-772920,katie@choinski.co.uk,57413
Dannie,Brau,Cap Gemini America,2 Gay St #3702,Werrington South Ward,Cambridgeshire,PE7 2QA,01675-779811,dbrau@brau.co.uk,50291
Ashanti,Donn,"Crowan, Kenneth W Esq",3409 Benns Gardens,Hollington Ward,East Sussex,TN38 9NE,01352-599278,adonn@yahoo.com,82746
Walker,Seeger,"Thompson, Michael C Esq",69 Chantrey St #90,Hickling,Norfolk,NR12 0YB,01245-616596,walker.seeger@yahoo.com,81428
Kattie,Ozane,"Thompson, Michael C Esq",526 Liffey St #759,Westbury,Wiltshire,BA13 3QU,01322-491007,kozane@gmail.com,61983
Juliana,Uken,Cap Gemini America,4 Summer Seat Bootle,Moulsecoomb and Bevendean Ward,Brighton and Hove,BN2 4TL,01962-844141,juliana.uken@yahoo.com,57066
Delpha,Detamore,"Crowan, Kenneth W Esq",8 Tagus St #9814,Cleator Moor,Cumbria,CA25 5EF,01322-480025,delpha.detamore@yahoo.com,84761
Hyun,Erdman,Rowley/hansell Petetin,1432 Rutland Ave,Uckfield,East Sussex,TN22 9EF,01594-744010,hyun@gmail.com,85527
Nada,Arey,Rowley/hansell Petetin,22 Harewood St #95,Acton Trussell and Bednall,Staffordshire,ST17 0RU,01576-627827,nada@hotmail.com,76632
Elizabeth,Pata,"Thompson, Michael C Esq",645 Lister Drive,Denwick,Northumberland,NE66 2LQ,01634-662999,elizabeth@gmail.com,51722
Alise,Packebush,"Thompson, Michael C Esq",22 Delamore St,Hereford,Hereford and Worcester,HR1 2EA,01266-695304,alise.packebush@gmail.com,51598
Erasmo,Talentino,Rowley/hansell Petetin,3 Garden Lane,Darton West Ward,South Yorkshire,S75 5JY,01492-454455,erasmo.talentino@hotmail.com,47579
Mari,Smeby,Weiss Spirt & Guyer,4309 Chisenhale St,Rock,Hereford and Worcester,DY14 9XQ,01423-202676,msmeby@gmail.com,49312
Therese,Shiraki,Weiss Spirt & Guyer,18 Ouse St,Oakridge and Castlefield Ward,Buckinghamshire,HP11 2PJ,01611-691262,tshiraki@gmail.com,87253
Arlyne,Dellinger,Cap Gemini America,8361 Cottenham St,Fawley,Hampshire,SO45 1QQ,01907-958462,arlyne.dellinger@yahoo.com,54236
Edward,Strejan,Cap Gemini America,1267 Audley St,Ise Lodge Ward,Northamptonshire,NN15 5DB,01242-422459,edward_strejan@gmail.com,83823
Gerald,Drozdenko,"Thompson, Michael C Esq",186 Craven St #68,Little Ness,Shropshire,SY4 2JX,01593-647422,gdrozdenko@yahoo.com,85543
Tomoko,Renno,"Thompson, Michael C Esq",5160 High St #38,Goldsmid Ward,Brighton and Hove,BN3 6EA,01731-573285,tomoko@renno.co.uk,67256
King,Vanacore,"Thompson, Michael C Esq",30 Seville St,Meads Ward,East Sussex,BN20 7QU,01908-714833,king_vanacore@yahoo.com,58195
Tonja,Driesenga,"Crowan, Kenneth W Esq",8 South John St,Lamport,Northamptonshire,NN6 9XW,01683-204727,tdriesenga@driesenga.co.uk,78530
Rex,Faehnle,"Crowan, Kenneth W Esq",371 Oakleigh,Warminster,Wiltshire,BA12 8NR,01955-496773,rfaehnle@faehnle.co.uk,60731
Rebbecca,Rufenacht,Rowley/hansell Petetin,4190 Seacombe St,Tiffield,Northamptonshire,NN12 8AA,01583-168158,rrufenacht@yahoo.com,56308
Dallas,Miyashiro,Rowley/hansell Petetin,4919 Lime Grove,Whitchurch Urban,Cheshire,SY13 4HB,01356-551432,dallas_miyashiro@miyashiro.co.uk,74372
Han,Dzledzic,Cap Gemini America,1592 Price St,Ponteland,Northumberland,NE20 9TF,01532-163009,han_dzledzic@hotmail.com,46171
Emilio,Guitierrez,"Crowan, Kenneth W Esq",2 Weller St,Appleton Wiske,North Yorkshire,DL6 2AS,01845-679016,emilio_guitierrez@guitierrez.co.uk,86221
Maryanne,Siske,"Crowan, Kenneth W Esq",256 Vesuvius St #159,Stutton with Hazlewood,North Yorkshire,LS24 9UA,01455-447890,maryanne@hotmail.com,84121
Veronique,Nuckolls,Cap Gemini America,198 Ranelagh Place,Central Buchan Ward,Aberdeenshire,AB43 6RD,01632-762032,vnuckolls@gmail.com,70894
Antonio,Villamarin,Cap Gemini America,353 Standish St #8264,Little Parndon and Hare Street,Hertfordshire,CM20 2HT,01559-403415,antonio.villamarin@gmail.com,80482
Olen,Ailey,Rowley/hansell Petetin,9 Fielding St,Wombourne,Staffordshire,WV5 0BB,01654-865551,olen@gmail.com,87684
Lanie,Smarsh,Weiss Spirt & Guyer,555 Ludlow St,Trowbridge,Wiltshire,BA14 9JB,01973-841918,lanie@yahoo.com,64389
Elliott,Kins,Weiss Spirt & Guyer,32 High Park St #44,St. Margarets with St. Nichola,Norfolk,PE30 1QE,01727-926540,elliott@gmail.com,50990
Mignon,Luger,Weiss Spirt & Guyer,80 Talbot St,Edgeley and Cheadle Heath Ward,Cheshire,SK3 9RD,01934-252795,mignon@gmail.com,52202
Margret,Alcazar,"Thompson, Michael C Esq",5466 Sedley St,Coatbridge South Ward,North Lanarkshire,ML5 4LJ,01626-590776,margret@alcazar.co.uk,50604
Denny,Casalenda,"Crowan, Kenneth W Esq",75 Brewster St #453,Redlands Ward,Berkshire,RG1 5EX,01349-134533,dcasalenda@gmail.com,89060
Janna,Przybyl,Weiss Spirt & Guyer,5 April Rd #13,Wheatley Ward,South Yorkshire,DN1 2TU,01684-628072,jprzybyl@przybyl.co.uk,72853
Kandis,Alsbury,Rowley/hansell Petetin,70 Rose Vale,Reydon,Suffolk,IP18 6PE,01797-837270,kalsbury@hotmail.com,58807
Fallon,Kerfoot,"Crowan, Kenneth W Esq",3186 Naylor St,Manor Castle Ward,South Yorkshire,S2 1HP,01538-649750,fallon.kerfoot@gmail.com,79435
Precious,Brabble,"Thompson, Michael C Esq",9 Herbert St #77,Shenley,Hertfordshire,WD7 9AQ,01687-288043,precious_brabble@brabble.co.uk,84809
Tamesha,Tyburski,Rowley/hansell Petetin,1054 Gladys St,Bellshill Ward,North Lanarkshire,ML4 3EJ,01954-979729,tamesha.tyburski@gmail.com,67847
Olene,Skubis,"Crowan, Kenneth W Esq",180 Frodsham St,Grovehill Ward,Hertfordshire,HP2 7BD,01250-453315,olene_skubis@yahoo.com,88864
Dwight,Belyea,Cap Gemini America,419 St Andrew St,Tibberton,Hereford and Worcester,WR9 7NS,01822-404490,dbelyea@belyea.co.uk,49541
Cornell,Mccrossin,Rowley/hansell Petetin,623 Cornhill,Stretton,Staffordshire,DE13 0DH,01608-748971,cornell.mccrossin@mccrossin.co.uk,65867
Felicia,Claybrooks,Weiss Spirt & Guyer,1056 College St South,Chester-le-Street North and Ea,County Durham,DH2 2JZ,01722-395799,felicia@claybrooks.co.uk,64031
Carmen,Gillham,Cap Gemini America,11 Denison St #7,Orford Ward,Cheshire,WA2 9QB,01692-491267,carmen@hotmail.com,84932
Patti,Rempel,"Crowan, Kenneth W Esq",1346 Vandyke St,Hove Park Ward,Brighton and Hove,BN3 6NS,01539-157435,patti@rempel.co.uk,64398
Alaine,Raterman,"Thompson, Michael C Esq",1 Milton St,Little Missenden,Buckinghamshire,HP16 0DH,01927-151413,alaine@hotmail.com,61643
Corinne,Holman,"Crowan, Kenneth W Esq",1831 Richards St #8,Berkhamsted,Hertfordshire,HP4 2AF,01933-753592,corinne@holman.co.uk,77940
Heidy,Hallford,Cap Gemini America,8054 Low Hill,Prestbury,Gloucestershire,GL52 3BY,01958-748582,hhallford@hotmail.com,74614
Kaycee,Carsten,"Crowan, Kenneth W Esq",35 Dublin St,Cirencester,Gloucestershire,GL7 2EY,01270-893129,kaycee.carsten@gmail.com,58918
Melvin,Setter,"Thompson, Michael C Esq",87 Pickup St,Franche Ward,Hereford and Worcester,DY10 2ZQ,01401-151569,melvin_setter@setter.co.uk,55618
Brianne,Matsumura,Rowley/hansell Petetin,7 Cottenham St,Mossend and Holytown Ward,North Lanarkshire,ML1 4TD,01519-417660,brianne@matsumura.co.uk,70522
Eugene,Pelzer,Weiss Spirt & Guyer,622 Holmes St,Heath Town Ward,Staffordshire,WV10 0AW,01839-920108,eugene_pelzer@gmail.com,63352
Margery,Rohrs,Weiss Spirt & Guyer,40 Peters Lane,Long Preston,North Yorkshire,BD23 4NF,01634-340524,margery@hotmail.com,56340
Noel,Sarra,Weiss Spirt & Guyer,2 Cockburn St,Seaham,County Durham,SR7 0AR,01868-736780,nsarra@gmail.com,80896
Doug,Lucore,"Crowan, Kenneth W Esq",65 Rankin St,Woodford cum Membris,Northamptonshire,NN11 3QR,01943-467489,dlucore@yahoo.com,77953
Jeff,Brossoit,Weiss Spirt & Guyer,954 Madelaine St,Central Ward,Wiltshire,SN5 8WG,01593-501965,jeff.brossoit@yahoo.com,51254
Lashunda,Argiro,Cap Gemini America,205 Forge St #4021,Stainburn,North Yorkshire,LS21 2LS,01422-728149,lashunda@yahoo.com,72066
Ashley,Tropp,Weiss Spirt & Guyer,3 Greenleaf St #5644,Blyth,Northumberland,NE24 2RY,01951-324927,ashley.tropp@gmail.com,82235
Shayne,Mordhorst,"Crowan, Kenneth W Esq",1 Bousfield St,Shrewsbury,Shropshire,SY3 8NG,01286-279043,smordhorst@mordhorst.co.uk,73353
Franchesca,Charry,"Crowan, Kenneth W Esq",59 Westminster Rd,Empress Ward,Hampshire,GU14 8AY,01748-827176,franchesca@gmail.com,62593
Gaston,Szumski,"Thompson, Michael C Esq",8 Gullett St,West Garioch Ward,Aberdeenshire,AB51 0HT,01651-911453,gaston.szumski@hotmail.com,87515
Ronna,Mittler,"Crowan, Kenneth W Esq",2767 Pembroke St #979,Roundway,Wiltshire,SN10 3FQ,01214-651738,ronna_mittler@hotmail.com,75627
Erasmo,Gath,Weiss Spirt & Guyer,860 Rokeby St,Sunningdale,Berkshire,SL5 0AZ,01445-796544,egath@hotmail.com,48486
Rosalia,Ziv,Weiss Spirt & Guyer,9362 Solomon St #97,Castle Ward,Northamptonshire,NN8 4DR,01414-349699,rosalia.ziv@ziv.co.uk,75514
Lyda,Cronholm,"Thompson, Michael C Esq",916 Strand St #4753,Leek,Staffordshire,ST13 5AW,01672-538356,lyda.cronholm@cronholm.co.uk,56144
Lewis,Mellom,Cap Gemini America,6 St Hilda St,Central Ward,South Yorkshire,S1 1EQ,01954-643657,lewis@yahoo.com,72024
Kayleigh,Bendle,Weiss Spirt & Guyer,9735 Linton St #2284,Kingswells,Aberdeenshire,AB16 7RW,01312-772111,kayleigh.bendle@bendle.co.uk,88826
Lili,Imondi,Rowley/hansell Petetin,9 Herbert St,Blyth,Northumberland,NE24 3DQ,01600-986258,lili_imondi@hotmail.com,68394
Sunshine,Senechal,"Crowan, Kenneth W Esq",40 Cairo St,Warwick,Warwickshire,CV34 5LQ,01416-686933,sunshine.senechal@hotmail.com,53201
Goldie,Sonkens,"Thompson, Michael C Esq",6174 Botanic Pl,Ravensthorpe Ward,Cambridgeshire,PE3 7BJ,01867-720033,gsonkens@sonkens.co.uk,51550
Shelia,Plues,"Thompson, Michael C Esq",9730 Dunnet St,Silloth-on-Solway,Cumbria,CA7 4RB,01818-260618,shelia@gmail.com,76828
Narcisa,Araiza,"Thompson, Michael C Esq",8783 High St,Milton,Cambridgeshire,CB24 6ZR,01724-644767,naraiza@hotmail.com,62945
Evelynn,Frede,Rowley/hansell Petetin,8 Breckfield Road North,Seaham,County Durham,SR7 0AZ,01289-621482,evelynn.frede@gmail.com,71502
Tamra,Yu,Rowley/hansell Petetin,2 Park Rd Walton #4338,Lansdown Ward,Gloucestershire,GL50 2LF,01891-816938,tamra.yu@hotmail.com,81097
Aracelis,Donham,"Crowan, Kenneth W Esq",593 Kinglake St,Fowlmere,Cambridgeshire,SG8 7TP,01924-111018,aracelis.donham@hotmail.com,73701
Leana,Stackpole,"Thompson, Michael C Esq",690 Copenhagen Rd,Warham,Norfolk,NR23 1NJ,01248-325090,lstackpole@yahoo.com,51313
Chana,Perera,Cap Gemini America,9 Ogwen St,Murdostoun Ward,North Lanarkshire,ML2 8LW,01477-796750,chana.perera@hotmail.com,82393
Nell,Pao,"Thompson, Michael C Esq",1730 Seymour St,Eastbrook Ward,Brighton and Hove,BN41 1QH,01308-582144,npao@gmail.com,46873
Sueann,Mandril,"Crowan, Kenneth W Esq",751 Stamford St,Werrington,Staffordshire,ST9 0AH,01886-226100,smandril@hotmail.com,46816
Alayna,Hoyal,Rowley/hansell Petetin,70 Royal St,Banchory and Mid Deeside Ward,Aberdeenshire,AB31 4AH,01964-720542,alayna_hoyal@hotmail.com,45952
Talia,Marthe,"Thompson, Michael C Esq",5 Minerva St,Westbury,Wiltshire,BA13 3QR,01711-170147,talia.marthe@gmail.com,89441
Pansy,Kopan,Weiss Spirt & Guyer,1 Northampton St,Madeley,Shropshire,TF7 4GA,01674-842315,pansy@kopan.co.uk,87974
Royce,Saik,Weiss Spirt & Guyer,2 Maple Grove,Kincorth,Aberdeenshire,AB12 5EJ,01972-770618,royce@hotmail.com,56488
Felice,Gone,Cap Gemini America,7602 Grantham St,Hexham,Northumberland,NE46 1QQ,01691-816025,felice.gone@hotmail.com,80080
Margarita,Orloski,Rowley/hansell Petetin,78 Pine Grove,Stannington Ward,South Yorkshire,S6 5HE,01215-422453,margarita_orloski@yahoo.com,66567
Vicky,Schellenberge,Cap Gemini America,3922 Leda St,Moreton Morrell,Warwickshire,CV35 9BX,01625-805645,vschellenberge@hotmail.com,87587
Carolann,Gross,Weiss Spirt & Guyer,6352 Grosvenor St,Wombourne,Staffordshire,WV5 0LP,01470-609953,carolann@gross.co.uk,46599
Quiana,Scarsella,"Thompson, Michael C Esq",1400 Ash St,Thorpe Hamlet Ward,Norfolk,NR1 4HS,01446-936944,quiana_scarsella@hotmail.com,50754
Cora,Mossing,Weiss Spirt & Guyer,38 Raffles St,Newmarket,Cambridgeshire,CB8 8QE,01285-381062,cora@yahoo.com,70462
Tony,Diazdeleon,Cap Gemini America,529 Llanrwst St,Southam,Gloucestershire,GL52 8TW,01765-102036,tony@gmail.com,70862
Val,Villot,Weiss Spirt & Guyer,1980 Tynemouth St,Almond Ward,West Lothian,EH52 5PY,01375-870188,val@yahoo.com,52199
Tijuana,Machalek,Weiss Spirt & Guyer,1149 Highfield Rd #996,Fareham South Ward,Hampshire,PO14 9JJ,01242-532395,tijuana.machalek@gmail.com,69150
Jamika,Conoly,Cap Gemini America,19 Soho St,Whitley Ward,Berkshire,RG1 9XH,01726-595316,jamika_conoly@conoly.co.uk,79619
Sophia,Gaucher,Weiss Spirt & Guyer,88 Upper Harrington St,North East Ward,North Lanarkshire,G69 8EL,01504-539114,sophia.gaucher@hotmail.com,63850
Ronnie,Brigman,Cap Gemini America,6 Morley St,Batchwood Ward,Hertfordshire,AL3 5JN,01943-754681,ronnie@brigman.co.uk,87933
Rosita,Ausdemore,"Crowan, Kenneth W Esq",8 Heathfield St #657,Hailsham,East Sussex,BN27 1AJ,01273-236188,rausdemore@hotmail.com,86117
Pura,Manciel,"Crowan, Kenneth W Esq",7 Water St,Priory Heath Ward,Suffolk,IP3 9RB,01853-412588,pura.manciel@yahoo.com,69244
Charlette,Brenning,Weiss Spirt & Guyer,714 Fonthill Rd,Darton West Ward,South Yorkshire,S75 5EJ,01888-152110,cbrenning@brenning.co.uk,52208
Celestina,Keeny,Rowley/hansell Petetin,9 Milton St,Consett North ED,County Durham,DH8 5LP,01877-379681,celestina_keeny@gmail.com,78305
Mi,Richan,"Crowan, Kenneth W Esq",6 Norwood Grove,Tanworth-in-Arden,Warwickshire,B94 5RZ,01451-785624,mi@hotmail.com,57022
